model_id,brand_fa,model_fa,trim_fa,model_year,battery_kwh_gross,battery_kwh_usable,ac_connector,dc_connector,connector_confidence,battery_confidence,bama_url,battery_source_url,connector_source_url,notes
toyota_bz4x_615max_2024,تویوتا,bz4X,615 مکس FWD,2024,66.7,,GB/T AC,GB/T DC,medium,high,https://bama.ir/car/detail-rsdxdfmg-toyota-bz4x-615max-2024,https://www.toyota.com.cn/mediacenter/show.php?newsid=5199,,نسخه 615 کیلومتری بازار چین؛ کانکتور باید روی خودروی واردشده/دفترچه VIN تأیید شود
toyota_bz4x_615pro_2024,تویوتا,bz4X,615 پرو,2024,66.7,,GB/T AC,GB/T DC,medium,high,https://bama.ir/car/detail-o5r42goa-toyota-bz4x-615pro-2024,https://www.toyota.com.cn/mediacenter/show.php?newsid=5199,,نسخه 615 کیلومتری بازار چین
toyota_bz4x_615max_2025,تویوتا,bz4X,615 مکس FWD,2025,66.7,,GB/T AC,GB/T DC,medium,high,https://bama.ir/car/detail-dq1nkyma-toyota-bz4x-615max-2025,https://evquery.com/models/toyota-bz4x-bozhi-4x-china-16,,نسخه 615 کیلومتری بازار چین
volkswagen_id4crozz_pure_2024,فولکس,ID.4 Crozz,پیور,2024,55.7,,GB/T AC,GB/T DC,high,medium,https://bama.ir/car/detail-gvzlh5l0-volkswagen-id4crozz-pure-2024,,,نسخه FAW-Volkswagen چین؛ ظرفیت نیازمند تطبیق با VIN
volkswagen_id4crozz_pureplus_2024,فولکس,ID.4 Crozz,پیور پلاس,2024,84.8,79.7,GB/T AC,GB/T DC,high,high,https://bama.ir/car/detail-ay4cghlx-volkswagen-id4crozz-pureplus-2024,https://www.audi.cn/zh/e-mobility/e-mobility-news/news20220721.html,,پک بزرگ MEB چین؛ مقدار 84.8 ناخالص و 79.7 قابل استفاده
volkswagen_id4crozz_pure_2025,فولکس,ID.4 Crozz,پیور,2025,55.7,,GB/T AC,GB/T DC,high,medium,https://bama.ir/car/detail-o6bhzxb2-volkswagen-id4crozz-pure-2025,,,نسخه FAW-Volkswagen چین؛ ظرفیت نیازمند تطبیق با VIN
volkswagen_id4crozz_pureplus_2025,فولکس,ID.4 Crozz,پیور پلاس,2025,84.8,79.7,GB/T AC,GB/T DC,high,high,https://bama.ir/car/detail-iwnjqxc4-volkswagen-id4crozz-pureplus-2025,https://www.audi.cn/zh/e-mobility/e-mobility-news/news20220721.html,,پک بزرگ MEB چین
volkswagen_id4crozz_pro_2025,فولکس,ID.4 Crozz,پرو,2025,84.8,79.7,GB/T AC,GB/T DC,high,high,https://bama.ir/car/detail-sjs6bmha-volkswagen-id4crozz-pro-2025,https://www.audi.cn/zh/e-mobility/e-mobility-news/news20220721.html,,پک بزرگ MEB چین
volkswagen_idunyx_ultra_2024,فولکس,آی دی یونیکس,اولترا,2024,80.2,,GB/T AC,GB/T DC,high,high,https://bama.ir/car/detail-gyyde8ec-volkswagen-idunyx-ultra-2024,https://evc-energy.com/uk/kompaktni-krosoveri/150-elektrichnij-krosover-vw-idunyx.html,,بازار چین
volkswagen_idunyx_pure_2025,فولکس,آی دی یونیکس,پیور,2025,53.6,,GB/T AC,GB/T DC,high,high,https://bama.ir/car/detail-t7l6ixgx-volkswagen-idunyx-pure-2025,https://evc-energy.com/uk/kompaktni-krosoveri/150-elektrichnij-krosover-vw-idunyx.html,,بازار چین
volkswagen_idunyx_ultra_2025,فولکس,آی دی یونیکس,اولترا,2025,80.2,,GB/T AC,GB/T DC,high,high,https://bama.ir/car/detail-jdcuhgtb-volkswagen-idunyx-ultra-2025,https://evc-energy.com/uk/kompaktni-krosoveri/150-elektrichnij-krosover-vw-idunyx.html,,بازار چین
mercedes_eqesuv_500_2024,بنز,EQE SUV,500,2024,96.1,,GB/T AC,GB/T DC,high,high,https://bama.ir/car/detail-tklejfnr-mercedesbenz-eqesuv-500-2024,https://www.dongchedi.com/auto/params-carIds-100818,https://evkx.net/models/mercedes/eqe/eqe_500_4matic/specifications/,نسخه چین
mercedes_eqesuv_500_2025,بنز,EQE SUV,500,2025,96.1,,GB/T AC,GB/T DC,high,high,https://bama.ir/car/detail-ysogb42n-mercedesbenz-eqesuv-500-2025,https://www.dongchedi.com/auto/params-carIds-100818,https://evkx.net/models/mercedes/eqe/eqe_500_4matic/specifications/,نسخه چین
mercedes_eqb260_2025,بنز,کلاس EQB,EQB260,2025,73.5,,GB/T AC,GB/T DC,high,high,https://bama.ir/car/detail-lemkilrd-mercedesbenz-eqb-eqb260-2025,https://price.pcauto.com.cn/m129871/,,نسخه Beijing-Benz چین
audi_q5etron40_2023,آئودی,Q5 e-tron,40,2023,83.4,,GB/T AC,GB/T DC,high,high,https://bama.ir/car/detail-omtvbgrx-audi-q5etron-40-2023,https://www.audichina.cn/zh/models/q/q5/q5-etron.html,,محصول اختصاصی SAIC-Audi چین
audi_q5etron40_2024,آئودی,Q5 e-tron,40,2024,83.4,,GB/T AC,GB/T DC,high,high,https://bama.ir/car/detail-5doabuzk-audi-q5etron-40-2024,https://www.audichina.cn/zh/models/q/q5/q5-etron.html,,محصول اختصاصی SAIC-Audi چین
audi_q5etron40_2025,آئودی,Q5 e-tron,40,2025,83.4,,GB/T AC,GB/T DC,high,high,https://bama.ir/car/detail-r8cmwxyk-audi-q5etron-40-2025,https://www.audichina.cn/zh/models/q/q5/q5-etron.html,,محصول اختصاصی SAIC-Audi چین
audi_q4etron40_2025,آئودی,Q4 e-tron,40,2025,84.8,79.7,GB/T AC,GB/T DC,high,high,https://bama.ir/car/detail-3nar1saq-audi-q4etron-40-2025,https://www.audichina.cn/content/dam/OneWeb/faw_vw/pdf/2025/q4e-tron/Q4_e-tron%E6%8A%98%E9%A1%B5.pdf,,نسخه FAW-Audi چین
bmw_ix1_edrive25l_2025,ب ام و,iX1,eDrive 25L,2025,66.5,,GB/T AC,GB/T DC,high,high,https://bama.ir/car/detail-nywzovmj-bmw-ix1-edrive25l-2025,https://data.carnewschina.com/database/bmw/bmw-ix1/2025/params,,نسخه Brilliance BMW چین
bmw_ix1_xdrive30l_2025,ب ام و,iX1,xDrive 30L,2025,66.5,,GB/T AC,GB/T DC,high,high,https://bama.ir/car/detail-bonij274-bmw-ix1-xdrive30l-2025,https://www.press.bmwgroup.com/china/article/detail/T0436891ZH_CN/,,نسخه Brilliance BMW چین
bmw_ix1_edrive25l_2026,ب ام و,iX1,eDrive 25L,2026,66.5,,GB/T AC,GB/T DC,high,high,https://bama.ir/car/detail-zvvisfyo-bmw-ix1-edrive25l-2026,https://data.carnewschina.com/database/bmw/bmw-ix1/2025/params,,نسخه Brilliance BMW چین
bmw_ix3_creative_2025,ب ام و,iX3,Creative,2025,80,74,GB/T AC,GB/T DC,high,high,https://bama.ir/car/detail-gpdelco3-bmw-ix3-creative-2025,https://www.bmw-brilliance.cn/cn/en/news/news/2020-7-14.html,,ناخالص 80 و قابل استفاده 74
bmw_i3_edrive35l_2026,ب ام و,i3,eDrive 35L,2026,70.2,,GB/T AC,GB/T DC,high,high,https://bama.ir/car/detail-0leu4axn-bmw-i3-edrive35l-2026,https://data.carnewschina.com/database/bmw/bmw-i3/2026/params,,مدل 2026؛ نسخه‌های قدیمی‌تر 70.3 ناخالص/66.1 قابل استفاده‌اند
volvo_ex30_ultra_single_2025,ولوو,EX30,اولترا تک موتور,2025,69,64,GB/T AC,GB/T DC,medium,high,https://bama.ir/car/detail-hyiqxg1m-volvo-ex30-ultra-2025,https://www.volvocars.com.cn/assets/volvocm/globalpages/live/15A5B2C3FD154295815AED10F289AEAE/volvo_carbonfootprintreport_ex30.pdf,,نسخه بازار چین؛ کانکتور باید با VIN تأیید شود
volvo_ex30_ultra_twin_2025,ولوو,EX30,اولترا دو موتور,2025,69,64,GB/T AC,GB/T DC,medium,high,https://bama.ir/car/detail-pzem2ain-volvo-ex30-ultraawd-2025,https://www.volvocars.com.cn/assets/volvocm/globalpages/live/15A5B2C3FD154295815AED10F289AEAE/volvo_carbonfootprintreport_ex30.pdf,,نسخه بازار چین؛ کانکتور باید با VIN تأیید شود
avatr_11_425_2025,اوتار,11EV,425 کیلووات,2025,116.79,,GB/T AC,GB/T DC,high,high,https://bama.ir/car/detail-yc3rqo19-avatr-11ev-425kw-2025,https://avatrsg.com/wp-content/uploads/2025/08/Owners-Manual-for-AVATR-11-20250724095103-V2.pdf,,425 کیلووات نسخه AWD با پک بردبلند
avatr_11_425_2026,اوتار,11EV,425 کیلووات,2026,116,,GB/T AC,GB/T DC,high,high,https://bama.ir/car/detail-z4sz0vax-avatr-11ev-425kw-2026,https://www.avatr.com/en/configuration?car=011,,نسخه 2026 درج‌شده در باما
mvm_arrizo5ev_48kw_2024,ام وی ام,آریزو 5ev,48 کیلووات,2024,53.6,,GB/T AC,GB/T DC,medium,medium,https://bama.ir/car/detail-e3k2ghn9-mvm-arrizo5ev-kw48-2024,https://data.carnewschina.com/database/chery-new-energy/chery-arrizo-5e/2018,,سال آگهی احتمالاً سال سند/عرضه ایران است؛ مشخصات متعلق به Arrizo 5e 450 و نیازمند VIN است
kmc_ej7_base_2024,کی ام سی,eJ7,ساده,2024,50.1,,GB/T AC,GB/T DC,medium,high,https://bama.ir/car/detail-qrl3dxgr-kmc-ej7-142kw-2024,https://iranev.net/reviews/9425-kmc-ej7-full-review/,,نوع فیزیکی کانکتور در منابع متنی رسمی پیدا نشد؛ روی خودرو تأیید شود
kmc_ej7_plus_2024,کی ام سی,eJ7,پلاس,2024,50.1,,GB/T AC,GB/T DC,medium,high,https://bama.ir/car/detail-8pmsaboq-kmc-ej7-plus-2024,https://kmc1777.com/product/kmc-ej7-plus/,,از نظر باتری با نسخه پایه یکسان گزارش شده؛ کانکتور روی خودرو تأیید شود
honda_ens1_150kw_2023,هوندا,eNS1,150 کیلووات,2023,68.8,,GB/T AC,GB/T DC,high,high,https://bama.ir/car/detail-nkiur4dv-honda-ens1-150kwh-2023,https://www.kingbode.com/wp-content/uploads/2022/11/2022MY-HONDA-e-NS1-e-DONG.pdf,,نسخه Dongfeng Honda بازار چین
luna_gre_110kw_2024,لونا,GRE,110 کیلو وات,2024,43.9,43.9,Type 2,CCS2,high,high,https://bama.ir/car/detail-tuiqskg7-luna-gre-110kw-2024,https://parsmag.com/wp-content/uploads/2024/11/LUNA-GRE-EV-1.pdf,https://iranev.net/cars/luna-gre/,عرضه رسمی ایران خودرو
bestune_nat_120kw_2024,بستیون,نات,120 کیلووات,2024,54.4,,GB/T AC,GB/T DC,medium,high,https://bama.ir/car/detail-lqy2g47u-bestune-nat-120kwh-2024,https://www.scribd.com/document/901566771/%D8%A8%D8%B3%D8%AA%D9%8A%D9%88%D9%86-NAT-Owner-Manual,,کانکتور فیزیکی باید از دفترچه رسمی/خودرو تأیید شود
xpeng_g6_625maxtech_2026,ایکس پنگ,G6 EV,625 Max Tech,2026,80.8,,GB/T AC,GB/T DC,high,high,https://bama.ir/car/detail-xckvbuj2-xpeng-g6ev-625maxtech-2026,https://xpeng.co.th/wp-content/uploads/2025/01/xpeng-g6.pdf,,نسخه بازار چین؛ نسخه صادراتی اروپا CCS2 است
xpeng_g7_702max_2025,ایکس پنگ,G7,702 Max,2025,80.8,,GB/T AC,GB/T DC,high,high,https://bama.ir/car/detail-u9ozs7lp-xpeng-g7-702max-2025,https://data.carnewschina.com/database/xpeng/xpeng-g7/2025/params,,نسخه بازار چین
toyota_bz3x_520pro_2025,تویوتا,bZ3X,520 پرو,2025,58.37,,GB/T AC,GB/T DC,high,high,https://bama.ir/car/detail-eqydviys-toyota-bz3x-520pro-2025,https://www.gac-toyota.com.cn/minisite/Campaigns/bozhi3xTable?model=520pro,,محصول GAC-Toyota چین
fownix_fxev_150kw_2026,فونیکس,FX EV,150 کیلو وات,2026,61.6,61.6,Type 2,CCS2,high,high,https://bama.ir/car/detail-t0cdlsbk-fownix-fxev-kw150-2026,https://iranev.net/cars/fownix-ev/,https://iranev.net/cars/fownix-ev/,نسخه رسمی ایران؛ معادل Omoda E5
changan_eadoev460_120kw_2024,چانگان,ایدو EV460,120 کیلووات,2024,47.78,,Type 2,CHAdeMO,medium,medium,https://bama.ir/car/detail-tqo3llcr-changan-eadoev460-120kw-2024,https://iranev.net/cars/changan-eado-ev460/,https://iranev.net/cars/changan-eado-ev460/,منبع ایرانی ظرفیت اسمی 47.78 و قابل‌استفاده 54 را ناسازگار گزارش کرده؛ حتماً VIN/پلاک شارژ بررسی شود
oshan_e2pro_160kw_2024,اوشان,E2 پرو,160 کیلووات,2024,,,Unknown,Unknown,low,low,https://bama.ir/car/detail-1ksfw72k-oshan-e2pro-160kw-2024,,,نام تیپ در آگهی با کاتالوگ‌های قابل دسترس تطبیق قطعی نشد؛ بدون VIN نباید برای فیلتر شارژر فعال شود
dongfeng_e70_110kw_2023,دانگ فنگ,E70,110 کیلووات,2023,50.23,,GB/T AC,GB/T DC,medium,high,https://bama.ir/car/detail-g1ymyfr0-dongfeng-e70-110kw-2023,https://www.autotec.com.cn/ueditor/php/upload/file/20221205/1670218695410551.pdf,,نسخه LFP 110kW بازار چین؛ کانکتور روی خودرو تأیید شود
immotors_ls7_luxury_2025,آی ام موتورز,LS7,لاکچری,2025,100,,GB/T AC,GB/T DC,high,high,https://bama.ir/car/detail-ugdufi4o-immotors-ls7-luxury-2025,https://www.menamotors.com/documents/1753258391-document.pdf,,نسخه Luxury بازار چین
