id,priority,brand,model,evCarType,importer,batterySpecsRaw,batteryKwhMin,batteryKwhMax,chargeLimit,operatingVoltageRaw,operatingVoltageV,rangeRaw,rangeKm,rangeStandard,connectors,acGbt,acType1,acType2,dcGbt,dcCcs2,dcChademo,noDcDeclared,rawConnectorsJson,dataQualityNotes
6a13d1305e826116505d173f,1,Volkswagen,ID4 crozz,BEV,"Mammut Khodro
بسته به واردکننده متفاوت است. لطفا با کارشناس بررسی شود.",55.7 kwh,55.7,55.7,,,,442 km,442,NEDC,"Car-AC-GB/T, Car-DC-GB/T",true,false,false,true,false,false,false,"[""Car-AC-GB/T"",""Car-DC-GB/T""]",
6a13d1305e826116505d1740,2,Audi,Q5 e-tron,BEV,Moin Khodro,83.4 kwh,83.4,83.4,,,,550 km,550,NEDC,"Car-AC-GB/T, Car-DC-GB/T",true,false,false,true,false,false,false,"[""Car-AC-GB/T"",""Car-DC-GB/T""]",
6a13d1305e826116505d1741,3,Arizo,ev5 (Arizo5),BEV,Modiran Khodro,53.6 kwh,53.6,53.6,,,,401 km,401,NEDC,"Car-AC-Type2, Car-DC-CCS2",false,false,true,false,true,false,false,"[""Car-AC-Type2"",""Car-DC-CCS2""]",
6a13d1305e826116505d1742,4,Honda,ENS1,BEV,Moin Khodro,68.8 kwh,68.8,68.8,11 kW AC,370,370,510 km,510,NEDC,"Car-AC-GB/T, Car-DC-GB/T",true,false,false,true,false,false,false,"[""Car-AC-GB/T"",""Car-DC-GB/T""]",
6a13d1305e826116505d1743,5,JAC,EJ7 (J7),BEV,Kerman Motor,50 kwh,50,50,,,,400 km,400,NEDC,"Car-AC-GB/T, Car-DC-GB/T",true,false,false,true,false,false,false,"[""Car-AC-GB/T"",""Car-DC-GB/T""]",
6a13d1305e826116505d1744,6,Volkswagen,ID UNYX,BEV,,80.2 kwh,80.2,80.2,,,,,,,"Car-AC-GB/T, Car-DC-GB/T",true,false,false,true,false,false,false,"[""Car-AC-GB/T"",""Car-DC-GB/T""]",
6a13d1305e826116505d1745,7,FAW,Bestune nat,BEV,Iran Khodro,54.5 kwh,54.5,54.5,,,,420 Km,420,NEDC,"Car-AC-GB/T, Car-DC-GB/T",true,false,false,true,false,false,false,"[""Car-AC-GB/T"",""Car-DC-GB/T""]",
6a13d1305e826116505d1746,8,Luna,JMEV Yi,BEV,Iran Khodro,43.9 kwh,43.9,43.9,,,,400 km,400,NEDC,"Car-AC-GB/T, Car-DC-GB/T",true,false,false,true,false,false,false,"[""Car-AC-GB/T"",""Car-DC-GB/T""]",
6a13d1305e826116505d1747,9,TOYOTA,BZ3(BZ3X),BEV,Barsavosh,49 & 65 kwh,49,65,,,,,,,"Car-AC-GB/T, Car-DC-GB/T",true,false,false,true,false,false,false,"[""Car-AC-GB/T"",""Car-DC-GB/T""]",
6a13d1305e826116505d1748,10,TOYOTA,BZ4 (BZ4X),BEV,Barsavosh,66 & 72 kwh,66,72,,,,,,,"Car-AC-GB/T, Car-DC-GB/T",true,false,false,true,false,false,false,"[""Car-AC-GB/T"",""Car-DC-GB/T""]",
6a13d1305e826116505d1749,11,Skywell,ET5,BEV,Nebka,72 kwh,72,72,11 kW AC,,,520 km,520,NEDC,"Car-AC-Type2, Car-DC-CCS2",false,false,true,false,true,false,false,"[""Car-AC-Type2"",""Car-DC-CCS2""]",
6a13d1305e826116505d174a,12,Fownix,F8 Pro e+,PHEV,Modiran Khodro,19.27 kwh,19.27,19.27,,350,350,75 km,75,NEDC,"Car-AC-Type2, Car-DC-CCS2",false,false,true,false,true,false,false,"[""Car-AC-Type2"",""Car-DC-CCS2""]",
6a13d1305e826116505d174b,13,Venucia,V-Online -DD-i,PHEV,Tigard Motor,18.4 kwh,18.4,18.4,,,,110 KM,110,NEDC,Car-DC-GB/T,false,false,false,true,false,false,false,"[""Car-DC-GB/T""]",
6a13d1305e826116505d174c,14,Venucia,D60EV PLUS,BEV,Max Motor,47 kwh,47,47,,,,420 Km,420,NEDC,"Car-AC-GB/T, Car-DC-GB/T",true,false,false,true,false,false,false,"[""Car-AC-GB/T"",""Car-DC-GB/T""]",
6a13d1305e826116505d174d,15,Mitsubishi,Outlander,PHEV,Arian Motor,12 kwh,12,12,,,,55 km,55,NEDC,"Car-AC-Type1, Car-DC-CHAdeMO",false,true,false,false,false,true,false,"[""Car-AC-Type1"",""Car-DC-CHAdeMO""]",
6a13d1305e826116505d174e,16,Hongchi,EQM5,BEV,Bahman Motor,54 Kwh,54,54,48 Kw,750,750,431 km,431,NEDC,Car-DC-GB/T,false,false,false,true,false,false,false,"[""Car-DC-GB/T""]",
6a13d1305e826116505d174f,17,avatr,avatr11,BEV,Bahman Motor,116 kwh,116,116,,,,,,,"Car-AC-GB/T, Car-DC-GB/T",true,false,false,true,false,false,false,"[""Car-AC-GB/T"",""Car-DC-GB/T""]",
6a13d1305e826116505d1750,18,Skywell,Hybrid,PHEV,Nebka,21.86 kwh,21.86,21.86,,,,115 km,115,NEDC,"Car-AC-GB/T, Car-DC-CCS2",true,false,false,false,true,false,false,"[""Car-AC-GB/T"",""Car-DC-CCS2""]",
6a13d1305e826116505d1751,19,BMW,iX1,BEV,Persia Khodro,64.7 kwh,64.7,64.7,22 KW AC,,,420 Km,420,NEDC,"Car-AC-GB/T, Car-DC-GB/T",true,false,false,true,false,false,false,"[""Car-AC-GB/T"",""Car-DC-GB/T""]",
6a13d1305e826116505d1752,20,VOYAH,free-2023,BEV,Soroush Motor,43 kwh,43,43,,,,,,,"Car-AC-GB/T, Car-DC-GB/T",true,false,false,true,false,false,false,"[""Car-AC-GB/T"",""Car-DC-GB/T""]",
6a13d1305e826116505d1753,21,MG,MG4,BEV,Soroush Motor,64 kwh,64,64,,,,,,,"Car-AC-Type2, Car-DC-CCS2",false,false,true,false,true,false,false,"[""Car-AC-Type2"",""Car-DC-CCS2""]",
6a13d1305e826116505d1754,22,Audi,Q4 e-tron,BEV,Nadin Khodro,84.8 kwh,84.8,84.8,,,,560 km,560,NEDC,"Car-AC-GB/T, Car-DC-GB/T",true,false,false,true,false,false,false,"[""Car-AC-GB/T"",""Car-DC-GB/T""]",
6a13d1305e826116505d1755,23,Fownix,FX EV,BEV,Modiran Khodro,61.2 kwh,61.2,61.2,,,,450 Km,450,NEDC,"Car-AC-Type2, Car-DC-CCS2",false,false,true,false,true,false,false,"[""Car-AC-Type2"",""Car-DC-CCS2""]",
6a13d1305e826116505d1756,24,BYD,Song Plus,PHEV,Bahman Motor,18.3 kwh,18.3,18.3,3.3 KW AC,,,110 Km,110,NEDC,"Car-AC-GB/T, Car-DC-GB/T",true,false,false,true,false,false,false,"[""Car-AC-GB/T"",""Car-DC-GB/T""]",
6a13d1305e826116505d1757,25,Hyundai,IoniQ,BEV,Hermes Khodro,72.6 kwh,72.6,72.6,,,,450 Km,450,NEDC,"Car-AC-Type2, Car-DC-CCS2",false,false,true,false,true,false,false,"[""Car-AC-Type2"",""Car-DC-CCS2""]",
6a13d1305e826116505d1758,26,Mercedes Benz,EQB,BEV,Rasa Motor,66 kwh,66,66,,,,,,,"Car-AC-GB/T, Car-DC-GB/T",true,false,false,true,false,false,false,"[""Car-AC-GB/T"",""Car-DC-GB/T""]",
6a13d1305e826116505d1759,27,Mercedes Benz,EQA,BEV,Rasa Motor,66 kwh,66,66,,,,,,,"Car-AC-GB/T, Car-DC-GB/T",true,false,false,true,false,false,false,"[""Car-AC-GB/T"",""Car-DC-GB/T""]",
6a13d1305e826116505d175a,28,Mercedes Benz,EQE,BEV,Rasa Motor,96 kwh,96,96,,,,,,,"Car-AC-GB/T, Car-DC-GB/T",true,false,false,true,false,false,false,"[""Car-AC-GB/T"",""Car-DC-GB/T""]",
6a13d1305e826116505d175b,29,BYD,QIN L,PHEV,Tigard Motor,15 kwh,15,15,,,,110 Km,110,NEDC,"Car-AC-GB/T, Car-DC-GB/T",true,false,false,true,false,false,false,"[""Car-AC-GB/T"",""Car-DC-GB/T""]",
6a13d1305e826116505d175c,30,Volkswagen,ID4 Unyx,BEV,"Mammut Khodro
بسته به واردکننده متفاوت است. لطفا با کارشناس بررسی شود.",80.2 kwh,80.2,80.2,,,,614 Km,614,NEDC,"Car-AC-GB/T, Car-DC-GB/T",true,false,false,true,false,false,false,"[""Car-AC-GB/T"",""Car-DC-GB/T""]",
6a13d1305e826116505d175d,31,Leap Motor,T03,HEV,Shetabran Khodro,42 kwh,42,42,,,,420 Km,420,NEDC,"Car-AC-GB/T, Car-DC-GB/T",true,false,false,true,false,false,false,"[""Car-AC-GB/T"",""Car-DC-GB/T""]",
6a13d1305e826116505d175e,32,Eres,M5,EREV,Mammut Khodro,40 kwh,40,40,,,,1260 Km,1260,NEDC,"Car-AC-Type2, Car-DC-CCS2",false,false,true,false,true,false,false,"[""Car-AC-Type2"",""Car-DC-CCS2""]",
6a13d1305e826116505d175f,33,BMW,iX3,BEV,Persia Khodro,74 kwh,74,74,7.4 KW AC,,,500 Km,500,NEDC,"Car-AC-GB/T, Car-DC-GB/T",true,false,false,true,false,false,false,"[""Car-AC-GB/T"",""Car-DC-GB/T""]",
6a13d1305e826116505d1760,34,Dong Feng,E70,BEV,Iran Khodro,47.5 kwh,47.5,47.5,,,,400 Km,400,NEDC,"Car-AC-GB/T, Car-DC-GB/T",true,false,false,true,false,false,false,"[""Car-AC-GB/T"",""Car-DC-GB/T""]",
6a13d1305e826116505d1761,35,VOYAH,Free -2025,EREV,Soroush Motor,43 kwh,43,43,,,,259 Km,259,,"Car-AC-Type2, Car-DC-CCS2",false,false,true,false,true,false,false,"[""Car-AC-Type2"",""Car-DC-CCS2""]",
6a13d1305e826116505d1762,36,Fownix,F7 Pro e+,PHEV,Modiran Khodro,19.27 kwh,19.27,19.27,,,,75 km,75,NEDC,Car-AC-Type2,false,false,true,false,false,false,true,"[""[\""Car-AC-Type2\"",-\""]""]",stringified connector array normalized
6a13d1305e826116505d1763,37,Erx5,Roewe,PHEV,Pars Khodro,12.4 kwh,12.4,12.4,,,,60 km,60,NEDC,Car-AC-GB/T,true,false,false,false,false,false,true,"[""Car-AC-GB/T"",""-""]",
6a13d1305e826116505d1764,38,AION V plus,GAC,BEV,Police-taxi driver,75 kwh,75,75,,,,650 km,650,NEDC,"Car-AC-GB/T, Car-DC-GB/T",true,false,false,true,false,false,false,"[""Car-AC-GB/T"",""Car-DC-GB/T""]",
6a13d1305e826116505d1765,39,AION S plus,GAC,BEV,Police-taxi driver,58 kwh,58,58,,,,500 km,500,NEDC,"Car-AC-GB/T, Car-DC-GB/T",true,false,false,true,false,false,false,"[""Car-AC-GB/T"",""Car-DC-GB/T""]",
6a13d1305e826116505d1766,40,G6,XPENG,BEV,Shiran Volt,68 kwh,68,68,,,,650 km,650,CLTC,"Car-AC-GB/T, Car-DC-GB/T",true,false,false,true,false,false,false,"[""Car-AC-GB/T"",""Car-DC-GB/T""]",
6a13d1305e826116505d1767,41,Changan,Eado ev460,BEV,Saipa,47.8 kwh,47.8,47.8,,,,460 km,460,NEDC,"Car-AC-GB/T, Car-DC-GB/T",true,false,false,true,false,false,false,"[""Car-AC-GB/T"",""Car-DC-GB/T""]",
6a13d1305e826116505d1768,42,Changan,Nevo A05,PHEV,Farda Motors,18.4 kwh,18.4,18.4,,,,115 km,115,NEDC,"Car-AC-Type2, Car-DC-CCS2",false,false,true,false,true,false,false,"[""Car-AC-Type2"",""Car-DC-CCS2""]",
6a13d1305e826116505d1769,43,VOLVO,EX30,BEV,Aftab Khodro,66 kwh,66,66,,,,590 Km,590,NEDC,"Car-AC-GB/T, Car-DC-GB/T",true,false,false,true,false,false,false,"[""Car-AC-GB/T"",""Car-DC-GB/T""]",
6a13d1305e826116505d176a,44,Mazda,EZ-6,BEV,Aftab Khodro,68.8 kwh,68.8,68.8,,,,600 Km,600,NEDC,"Car-AC-GB/T, Car-DC-GB/T",true,false,false,true,false,false,false,"[""Car-AC-GB/T"",""Car-DC-GB/T""]",
